temperature,humidity,rainfall,transit_time,storage_duration,food_type,spoilage_risk
30.58,46.25,3.22,21.91,6.88,Mango,Low
32.82,67.69,242.4,35.54,39.62,Potato,Moderate
36.7,45.51,71.94,22.96,4.05,Chickpea,Low
25.86,99.08,218.22,16.14,12.63,Ready meals,Low
34.56,37.18,280.22,22.57,13.15,Ready meals,Low
37.7,40.94,10.11,32.38,56.68,Milk,High
33.24,72.8,227.92,40.68,14.85,Chicken,Moderate
11.87,75.97,42.89,35.66,52.42,Egg,Moderate
36.67,89.63,67.62,47.41,32.28,Cauliflower,Moderate
39.68,43.27,146.55,30.83,5.21,Orange,Moderate
36.32,83.41,41.04,18.92,32.64,Fish,Moderate
43.03,35.98,270.42,28.97,26.17,Chickpea,Moderate
43.72,67.3,29.58,40.58,18.6,Tomato,Moderate
18.02,32.31,16.9,30.82,7.97,Maize,Low
17.85,78.81,135.49,8.85,29.8,Fish,Moderate
41.63,44.67,14.02,19.65,9.54,Apple,Low
25.08,94.15,133.35,46.64,58.85,Watermelon,Moderate
30.02,39.76,21.33,39.37,22.21,Tomato,Moderate
34.79,47.22,287.98,13.19,31.41,Papaya,Low
27.93,99.86,297.59,12.65,26.76,Brinjal,Low
15.69,89.04,24.24,18.77,64.63,Ready meals,Moderate
42.58,50.06,176.52,16.54,3.96,Grapes,Low
31.73,30.02,259.76,38.01,50.87,Milk,High
31.76,51.85,207.03,11.94,65.42,Ready meals,Moderate
40.22,60.35,163.3,45.64,66.69,Chicken,High
21.83,98.85,111.58,19.41,12.32,Spinach,Low
16.57,97.82,218.92,5.61,38.42,Maize,Moderate
12.36,87.17,223.73,40.98,57.05,Paneer,High
41.05,32.02,203.46,42.58,48.64,Egg,Moderate
43.4,70.19,141.99,8.68,34.37,Guava,Low
21.34,48.61,179.37,16.65,32.2,Carrot,Low
27.46,69.41,283.4,15.39,69.31,Butter,Low
17.79,53.21,192.15,29.53,53.29,Frozen corn,Moderate
33.83,54.82,191.69,15.35,4.71,Brinjal,Low
38.17,98.76,240.2,2.13,13.33,Onion,Moderate
15.02,48.82,133.77,38.29,19.86,Milk,Moderate
29.47,93.82,44.62,23.66,2.89,Grapes,Low
34.49,93.64,11.7,32.99,36.08,Cabbage,High
18.21,70.6,234.98,37.02,71.2,Onion,Moderate
42.72,33.81,289.4,11.32,38.17,Okra,Moderate
24.66,68.92,132.27,32.08,65.54,Papaya,Moderate
20.86,47.6,176.54,15.41,3.26,Cauliflower,Low
28.41,59.07,87.7,8.85,32.78,Watermelon,Low
22.3,81.16,37.98,8.57,10.15,Tomato,Low
37.95,37.13,159.7,45.47,28.23,Wheat,Moderate
10.29,46.59,11.37,11.52,31.77,Apple,Low
27.54,39.84,110.81,37.58,70.09,Chickpea,Moderate
24.64,41.34,189.87,13.0,41.07,Chickpea,Low
32.88,83.37,106.47,47.16,37.53,Brinjal,High
17.36,49.36,14.92,25.53,41.41,Rice,Moderate
44.78,46.92,66.26,7.9,61.41,Orange,Moderate
16.06,95.93,174.71,15.41,63.81,Mango,Moderate
25.66,43.56,92.34,42.49,41.19,Meat products,Moderate
33.71,42.71,166.94,16.23,17.1,Brinjal,Low
39.36,95.22,109.22,39.11,69.29,Rice,High
23.01,35.82,209.27,9.99,10.61,Cheese,Low
15.19,90.28,202.91,38.41,60.2,Ice cream,High
25.79,75.68,10.77,43.19,70.93,Butter,Moderate
34.33,49.26,169.85,11.68,11.85,Maize,Low
35.36,84.61,87.89,19.95,42.41,Fish,High
40.55,43.46,216.28,12.92,37.21,Apple,Moderate
13.33,62.27,75.01,26.45,16.09,Banana,Low
27.8,66.79,231.4,29.8,16.67,Papaya,Low
36.09,40.5,35.52,46.25,15.54,Watermelon,Moderate
35.87,42.59,57.84,40.67,33.93,Carrot,Moderate
21.96,41.53,209.53,14.15,69.54,Carrot,Low
42.8,54.93,167.2,46.82,58.15,Butter,Moderate
36.58,66.97,52.38,23.43,40.41,Guava,Moderate
15.41,41.81,236.4,36.92,67.36,Carrot,Moderate
31.21,82.26,5.33,32.89,68.94,Butter,High
25.68,30.76,268.74,42.89,69.16,Potato,Moderate
27.87,53.79,288.16,34.16,63.72,Potato,Moderate
35.14,63.06,197.5,22.91,31.61,Paneer,Moderate
44.07,66.44,210.44,3.0,41.78,Grapes,Moderate
44.67,96.34,189.68,41.01,62.02,Ready meals,High
29.86,37.02,38.51,32.53,16.26,Chickpea,Low
14.26,64.35,95.12,30.58,29.71,Carrot,Low
21.83,65.0,101.36,18.27,69.87,Cabbage,Low
19.59,42.03,134.51,13.8,10.49,Okra,Low
10.02,80.53,264.59,19.83,30.96,Okra,Low
37.3,74.06,81.78,10.81,14.67,Butter,Low
14.81,51.26,132.28,17.77,65.5,Meat products,Low
25.45,70.44,137.36,21.77,68.53,Egg,Low
10.45,64.67,139.43,27.26,4.27,Cheese,Low
27.43,59.31,48.69,6.4,63.42,Cabbage,Low
37.03,70.19,103.42,40.63,27.72,Ready meals,Moderate
41.15,94.28,4.55,32.52,53.44,Guava,High
20.55,83.95,122.25,1.91,23.74,Chickpea,Low
18.47,59.57,116.41,36.46,27.24,Pineapple,Low
13.61,47.21,138.2,45.96,26.47,Spinach,Low
39.24,87.98,153.71,47.83,62.98,Cheese,High
37.1,93.09,27.88,20.53,39.3,Chickpea,Moderate
13.64,36.24,23.61,24.83,29.4,Frozen corn,Low
28.06,86.56,259.41,47.18,53.67,Potato,Moderate
28.1,56.25,79.42,33.75,32.67,Ice cream,Moderate
36.55,72.98,203.84,19.7,18.02,Wheat,Low
36.63,81.39,275.54,3.27,66.11,Ice cream,High
24.25,46.22,75.16,34.54,62.92,Chickpea,Moderate
20.78,69.46,226.9,13.97,22.65,Cabbage,Low
15.52,99.4,298.19,18.46,41.59,Cheese,Moderate
23.45,81.3,7.66,25.73,69.95,Banana,Moderate
29.0,99.18,253.41,47.86,21.54,Potato,Moderate
15.36,81.55,71.14,12.21,20.72,Brinjal,Low
11.77,67.9,254.29,10.73,8.81,Chickpea,Low
31.38,97.78,168.56,9.57,62.59,Brinjal,Moderate
27.37,56.45,188.61,39.49,50.62,Fish,Moderate
43.81,94.15,98.12,25.57,17.21,Tomato,Moderate
25.51,43.83,176.53,24.18,28.23,Onion,Low
33.41,40.31,81.93,16.4,5.72,Brinjal,Low
24.37,69.38,248.79,24.45,68.15,Guava,Moderate
27.65,66.49,240.96,27.04,68.59,Okra,Moderate
21.22,30.93,204.77,20.35,65.79,Spinach,Low
13.48,46.47,189.31,35.04,57.23,Chicken,Moderate
11.7,81.34,7.15,37.18,1.79,Ice cream,Moderate
38.86,34.87,101.32,28.87,52.59,Grapes,Moderate
22.64,93.76,64.46,10.08,53.98,Chickpea,Moderate
23.34,31.81,34.41,36.15,16.59,Spinach,Low
44.97,43.01,262.94,32.86,36.32,Cabbage,Moderate
39.87,55.98,67.99,5.1,55.09,Butter,Moderate
37.87,66.86,105.1,14.41,37.34,Cabbage,Moderate
19.55,95.07,120.08,6.5,50.82,Watermelon,Moderate
14.17,70.49,112.38,31.58,66.33,Lentil,Moderate
43.18,60.9,85.46,10.69,63.03,Guava,Moderate
37.83,31.75,105.59,28.3,71.22,Paneer,High
24.25,96.42,286.79,27.84,33.06,Ready meals,Moderate
29.94,30.97,101.97,16.97,65.89,Rice,Low
20.93,87.8,71.95,15.63,65.6,Spinach,Moderate
36.18,88.54,196.05,17.71,30.32,Meat products,Moderate
42.69,52.65,95.0,24.48,63.03,Grapes,Moderate
10.21,53.48,253.29,2.75,25.95,Green gram,Low
22.75,67.1,149.13,36.4,4.65,Onion,Low
36.5,56.99,181.89,39.22,25.87,Mango,Moderate
37.6,84.03,109.06,20.92,1.66,Fish,Moderate
44.11,53.22,191.24,23.25,33.48,Milk,Moderate
43.46,85.3,34.56,1.64,62.39,Onion,Moderate
23.26,61.54,193.4,17.04,11.59,Fish,Low
37.19,97.27,16.01,32.95,32.48,Carrot,Moderate
37.72,95.91,263.95,20.41,58.05,Guava,Moderate
18.61,61.41,210.62,21.18,54.9,Green gram,Low
13.22,90.73,60.21,46.02,21.95,Pineapple,Moderate
39.63,31.77,181.55,29.38,3.41,Carrot,Moderate
18.2,37.45,279.16,34.97,62.2,Onion,Moderate
34.94,59.41,91.97,43.41,55.35,Frozen corn,Moderate
21.72,70.52,132.24,2.68,17.05,Cabbage,Low
22.4,87.04,38.82,10.78,5.82,Brinjal,Low
14.43,42.85,33.45,24.05,38.0,Frozen peas,Moderate
10.76,69.29,139.94,47.47,22.45,Cauliflower,Low
35.61,42.47,104.65,10.06,49.04,Cauliflower,Moderate
44.92,36.86,228.37,37.94,45.25,Onion,Moderate
11.42,95.28,32.43,19.24,32.43,Cabbage,Low
21.0,69.78,219.44,10.81,26.96,Potato,Low
13.09,49.39,170.13,45.87,56.31,Paneer,Moderate
32.21,69.03,32.46,28.08,8.65,Frozen peas,Moderate
25.87,54.33,25.16,24.69,47.66,Cauliflower,Moderate
14.24,51.75,59.85,26.88,56.41,Meat products,Moderate
35.08,35.62,151.62,30.66,24.03,Meat products,Moderate
10.81,86.68,164.87,8.53,56.12,Chicken,Moderate
36.92,33.16,294.62,2.02,29.43,Brinjal,Low
43.35,87.4,51.03,26.9,2.12,Potato,Moderate
39.33,55.3,276.82,40.69,62.2,Cauliflower,Moderate
15.54,60.49,22.3,27.75,71.76,Grapes,Moderate
14.87,91.97,227.0,11.76,34.57,Brinjal,Low
27.84,51.65,49.46,6.2,37.04,Milk,Moderate
29.39,64.06,244.29,13.56,69.86,Milk,Moderate
19.63,91.72,144.13,22.73,32.33,Cauliflower,Low
34.06,56.83,126.5,10.62,30.12,Potato,Low
42.07,51.1,210.7,37.69,3.34,Okra,Moderate
16.65,71.99,280.44,25.96,54.03,Brinjal,Moderate
38.35,63.76,106.67,12.28,42.99,Guava,Moderate
31.28,83.65,25.02,24.64,39.99,Cheese,High
12.44,33.0,171.84,11.78,8.49,Milk,Low
34.22,36.79,188.6,47.3,45.34,Okra,Moderate
36.95,35.22,283.71,35.63,46.11,Tomato,Moderate
32.39,99.9,115.91,13.58,10.76,Rice,Moderate
24.95,64.26,210.23,32.03,58.79,Rice,Moderate
35.73,81.04,181.06,45.47,56.16,Milk,High
31.0,55.31,166.23,17.97,20.02,Cabbage,Low
35.2,39.58,98.54,21.15,35.15,Cheese,Low
30.76,69.09,96.92,13.93,68.03,Banana,Moderate
41.03,66.34,97.92,13.41,10.22,Okra,Low
40.77,59.84,231.33,22.83,24.59,Meat products,Low
38.36,95.27,99.6,15.82,40.1,Watermelon,Moderate
35.75,90.58,225.5,41.64,12.77,Maize,Moderate
31.63,62.15,39.32,5.86,24.05,Onion,Low
12.97,49.49,47.54,26.76,28.06,Green gram,Low
44.59,79.56,116.78,28.47,67.79,Grapes,High
25.35,58.69,251.79,32.81,23.75,Ready meals,Low
10.39,37.95,216.23,8.82,58.62,Tomato,Low
40.95,98.45,251.98,9.69,7.68,Frozen peas,Moderate
11.92,84.63,258.4,28.23,16.57,Cauliflower,Moderate
19.14,81.66,59.88,44.77,2.34,Grapes,Moderate
21.22,97.89,57.1,45.06,43.7,Guava,Moderate
21.77,62.29,72.91,17.51,25.35,Frozen peas,Low
25.36,36.54,196.79,47.72,45.14,Brinjal,Moderate
21.18,90.72,14.96,22.15,26.7,Cabbage,Low
13.79,90.83,185.83,3.55,56.75,Potato,Moderate
23.35,35.87,100.98,23.38,70.58,Okra,Low
38.24,48.64,12.64,12.8,52.27,Watermelon,Moderate
31.54,57.31,183.09,16.87,24.12,Orange,Low
31.83,73.93,190.03,2.39,24.29,Brinjal,Low
24.64,55.99,221.06,41.66,34.95,Brinjal,Low
43.32,97.53,183.96,40.69,50.09,Green gram,High
44.84,98.83,113.62,3.31,14.56,Okra,Moderate
40.84,65.8,230.54,5.77,12.36,Lentil,Low
26.47,91.92,233.9,43.47,44.44,Pineapple,Moderate
32.88,39.45,80.42,38.86,68.86,Carrot,Moderate
21.01,63.09,299.72,27.15,70.0,Banana,Moderate
16.49,36.9,103.64,47.66,38.9,Mango,Moderate
36.33,88.1,16.86,30.73,61.83,Ready meals,High
44.8,90.43,204.81,47.27,47.47,Watermelon,High
18.81,73.27,118.64,30.02,26.24,Papaya,Low
35.08,96.97,27.03,18.54,1.57,Frozen peas,Moderate
17.08,92.52,110.27,17.23,37.24,Fish,Moderate
16.93,40.43,46.73,35.63,61.45,Potato,Moderate
35.52,69.95,151.74,20.98,10.91,Grapes,Low
10.24,33.76,36.94,13.56,68.69,Ice cream,Moderate
43.86,79.94,21.6,14.2,25.97,Potato,Moderate
41.8,52.1,148.99,20.49,45.5,Lentil,Moderate
40.32,49.72,57.05,39.58,38.99,Frozen corn,Moderate
25.33,92.97,159.33,24.18,7.03,Okra,Moderate
25.2,33.88,292.55,36.42,57.46,Mango,Moderate
41.19,50.3,207.5,15.32,15.66,Okra,Low
29.41,71.66,227.37,33.01,30.93,Cheese,Low
27.15,66.63,79.59,44.84,3.63,Frozen peas,Low
40.19,63.75,111.79,24.16,60.51,Brinjal,Moderate
30.75,51.86,60.14,11.72,10.1,Ready meals,Low
19.8,42.11,112.46,30.46,27.13,Mango,Low
39.35,46.22,0.94,43.97,25.0,Tomato,Moderate
39.29,42.19,260.3,5.48,1.79,Milk,Moderate
39.68,65.9,43.92,7.17,55.97,Barley,Moderate
39.84,37.02,281.64,10.73,9.18,Butter,Low
37.81,78.28,123.22,25.93,67.41,Maize,High
15.4,52.41,145.1,11.39,64.55,Watermelon,Low
19.6,60.65,88.31,10.4,35.39,Ice cream,Low
13.77,59.99,272.35,42.68,30.63,Meat products,Low
39.87,35.77,182.31,44.0,1.76,Brinjal,Moderate
33.62,32.75,222.61,45.88,61.38,Maize,Moderate
25.71,83.24,100.14,35.27,22.05,Frozen peas,Moderate
21.97,65.86,91.9,27.41,57.5,Carrot,Moderate
25.86,53.82,199.87,42.68,36.11,Fish,Moderate
22.95,43.27,155.26,2.47,30.33,Milk,Low
14.86,89.88,32.05,5.3,23.94,Frozen corn,Low
38.78,36.09,252.45,34.49,38.97,Meat products,Moderate
27.59,68.11,136.91,15.61,2.63,Maize,Low
28.42,98.69,287.52,20.4,2.58,Spinach,Low
19.43,95.01,122.12,3.12,16.39,Frozen corn,Low
23.43,86.89,104.8,15.74,15.3,Frozen peas,Low
12.27,70.03,162.65,16.22,19.61,Ready meals,Low
42.18,51.72,122.08,47.01,23.23,Brinjal,Moderate
42.32,47.39,59.12,2.7,13.76,Banana,Low
11.37,71.15,120.9,42.43,30.39,Cheese,Low
39.34,99.58,282.51,22.85,56.19,Mango,Moderate
22.37,59.5,74.25,29.37,71.03,Ready meals,Moderate
37.94,42.03,231.22,31.96,37.14,Guava,Moderate
42.86,30.04,27.65,39.69,60.06,Egg,Moderate
40.31,58.84,101.76,3.8,57.4,Orange,Moderate
43.49,37.7,179.71,27.52,2.31,Papaya,Moderate
36.81,53.06,151.76,24.07,45.13,Paneer,High
37.66,44.11,158.56,9.9,44.2,Cauliflower,Moderate
10.05,87.71,42.44,17.0,26.92,Spinach,Low
43.48,96.31,107.72,1.09,57.91,Tomato,Moderate
42.99,37.78,59.58,21.7,57.11,Wheat,Moderate
41.39,75.37,264.14,40.82,38.78,Meat products,High
21.22,46.7,184.84,37.95,65.72,Chickpea,Moderate
39.33,50.95,232.35,24.96,41.97,Grapes,Moderate
17.93,73.99,144.38,27.09,39.53,Egg,Moderate
13.86,39.74,179.82,41.08,53.55,Cauliflower,Moderate
21.68,52.84,171.13,9.55,57.22,Frozen corn,Low
26.92,31.35,274.41,32.59,42.48,Okra,Moderate
16.88,69.5,272.96,1.01,39.78,Cheese,Low
24.21,35.4,125.89,41.45,69.12,Paneer,Moderate
33.65,58.28,257.66,6.78,61.33,Pineapple,Moderate
12.46,61.3,119.96,9.51,56.41,Frozen corn,Low
21.21,74.65,68.46,18.99,15.04,Lentil,Low
31.28,61.18,118.35,40.04,42.88,Barley,Moderate
18.64,87.64,68.01,28.54,7.54,Mango,Moderate
37.9,99.37,52.45,35.92,37.18,Green gram,High
29.74,99.99,251.01,6.2,34.4,Green gram,Low
35.41,51.42,4.06,40.47,47.29,Cauliflower,Moderate
21.79,94.18,50.24,7.05,17.68,Wheat,Low
32.67,56.76,139.13,16.16,33.94,Chickpea,Low
38.27,79.33,209.34,17.03,32.27,Cheese,Moderate
19.03,78.11,246.87,20.11,11.57,Brinjal,Low
44.68,55.55,43.94,1.35,69.29,Butter,Moderate
44.05,64.03,116.08,14.4,29.22,Maize,Low
37.83,66.42,32.57,33.52,50.94,Chicken,High
31.89,78.7,199.78,10.37,61.62,Cabbage,Moderate
12.94,58.61,1.83,2.67,14.15,Mango,Low
20.94,49.93,18.98,12.7,39.17,Onion,Low
36.52,68.05,286.26,9.5,6.58,Apple,Low
42.51,85.84,241.33,4.29,34.15,Chickpea,Moderate
14.22,41.49,195.9,45.54,21.61,Grapes,Low
24.79,90.41,161.38,46.15,46.11,Apple,Moderate
38.08,92.56,135.99,15.68,24.29,Apple,Moderate
33.64,72.04,238.05,25.66,66.15,Meat products,Moderate
34.2,83.05,149.42,9.44,23.44,Fish,Moderate
32.19,57.82,238.09,30.7,39.42,Onion,Moderate
21.04,31.93,123.98,30.84,47.24,Cheese,Moderate
24.98,76.62,161.67,45.38,10.05,Guava,Moderate
36.72,99.41,272.08,29.18,30.36,Lentil,Moderate
27.3,57.19,212.71,19.47,57.31,Meat products,Low
25.45,49.71,88.33,1.88,8.82,Ice cream,Low
26.14,94.66,202.73,32.68,68.17,Banana,Moderate
15.29,66.78,80.12,37.63,29.64,Grapes,Low
12.86,45.53,119.31,33.47,56.49,Mango,Moderate
31.88,51.65,98.44,42.9,15.01,Chicken,Moderate
24.94,98.35,150.03,27.03,23.06,Lentil,Moderate
43.43,51.51,44.13,13.95,63.43,Frozen peas,Moderate
32.08,88.31,291.05,23.93,60.23,Chickpea,Moderate
20.18,81.44,84.4,23.0,34.77,Guava,Low
43.12,96.1,160.49,22.69,27.39,Apple,Moderate
25.24,83.03,11.8,21.36,68.79,Pineapple,Moderate
23.56,96.36,262.0,16.44,56.62,Pineapple,Moderate
36.34,42.18,57.82,45.28,41.84,Milk,High
35.2,76.17,27.38,34.99,46.49,Mango,High
32.17,85.79,271.51,37.82,2.36,Milk,High
39.88,81.57,50.52,10.48,37.49,Cabbage,Moderate
27.42,98.12,215.7,9.12,63.98,Orange,Moderate
43.78,32.68,176.07,30.34,45.47,Okra,Moderate
10.05,35.89,241.88,1.42,31.42,Fish,Low
38.95,64.59,51.4,8.46,16.72,Banana,Low
44.87,96.48,238.25,11.56,64.46,Spinach,Moderate
17.24,82.16,188.02,13.35,69.98,Onion,Moderate
43.55,54.09,133.46,47.33,43.77,Watermelon,Moderate
26.05,52.91,18.71,19.75,53.0,Egg,Low
12.54,96.3,147.25,33.51,62.56,Milk,High
17.35,71.83,281.13,5.94,19.39,Frozen corn,Low
26.46,98.55,221.5,21.5,42.68,Lentil,Moderate
42.79,35.12,82.69,39.97,37.38,Paneer,High
21.42,70.31,250.13,12.64,30.79,Ice cream,Low
26.0,59.69,215.14,15.86,18.53,Frozen peas,Low
13.3,63.04,237.09,13.95,51.73,Egg,Low
40.16,35.45,271.71,27.09,29.81,Frozen corn,Moderate
15.15,99.57,198.89,17.09,63.66,Lentil,Moderate
18.16,80.3,145.45,22.84,55.67,Mango,Moderate
10.42,50.29,108.99,7.6,38.35,Papaya,Low
43.62,73.4,195.48,34.22,70.66,Cabbage,Moderate
34.71,44.04,23.08,47.56,40.84,Guava,Moderate
31.83,85.28,228.98,33.52,25.38,Orange,Moderate
26.54,67.22,1.06,28.2,39.08,Mango,Moderate
41.07,91.85,269.72,20.13,47.72,Fish,High
24.85,72.1,210.46,40.17,21.71,Meat products,Low
34.03,46.85,282.48,12.61,19.79,Frozen peas,Low
20.89,50.0,43.38,24.82,47.1,Orange,Moderate
10.7,56.94,58.07,30.95,68.42,Guava,Moderate
28.3,72.09,240.01,39.41,36.21,Cauliflower,Moderate
32.07,87.93,79.9,24.73,17.18,Meat products,Moderate
21.03,65.18,249.16,41.99,30.25,Lentil,Low
38.22,80.35,243.22,2.9,5.18,Frozen peas,Moderate
16.65,80.49,245.76,46.5,66.5,Milk,High
15.86,46.83,171.76,3.02,53.67,Egg,Low
15.23,44.34,280.26,1.49,22.19,Chickpea,Low
23.03,48.8,23.76,14.22,38.98,Orange,Low
42.34,90.58,176.54,45.16,8.82,Apple,Moderate
20.5,42.53,293.78,39.07,2.13,Egg,Low
19.02,53.8,57.37,42.19,55.98,Ready meals,Moderate
41.24,93.69,215.27,8.42,6.21,Spinach,Moderate
24.97,79.42,63.09,24.79,18.61,Papaya,Moderate
36.63,61.24,210.62,33.07,25.72,Ready meals,Moderate
38.52,94.66,145.43,19.73,3.29,Milk,Moderate
22.5,91.62,190.29,37.92,26.28,Watermelon,Moderate
18.38,49.48,246.63,16.09,62.73,Mango,Low
27.62,33.2,209.03,14.95,18.42,Ice cream,Low
11.7,81.83,150.24,3.96,64.23,Tomato,Moderate
18.62,78.72,19.14,18.02,33.87,Cauliflower,Low
25.88,51.04,87.37,26.92,32.27,Meat products,Low
33.85,41.76,190.42,36.62,25.93,Meat products,Moderate
38.06,63.83,22.93,41.58,51.22,Maize,Moderate
18.65,34.39,277.68,45.48,35.44,Frozen peas,Low
35.83,98.17,66.46,3.82,65.3,Okra,Moderate
13.45,66.72,105.84,28.75,38.05,Butter,Moderate
16.61,90.01,271.33,15.22,6.08,Milk,Moderate
42.39,38.38,1.58,29.19,11.77,Barley,Moderate
19.64,76.19,138.17,20.87,56.66,Fish,Moderate
25.38,53.77,92.34,11.64,8.26,Butter,Low
35.43,85.83,262.91,25.08,41.98,Cabbage,High
22.7,45.07,77.24,42.35,24.08,Onion,Low
30.61,79.22,110.9,45.84,5.33,Cauliflower,Moderate
10.57,51.03,46.33,42.58,46.6,Guava,Moderate
19.69,77.9,94.3,27.38,8.36,Barley,Moderate
34.59,99.38,43.09,31.84,15.45,Fish,High
27.63,87.71,82.06,45.09,37.13,Watermelon,Moderate
26.32,55.94,255.62,26.89,31.01,Orange,Low
42.4,73.16,288.98,11.54,21.03,Cauliflower,Low
11.84,51.39,97.15,12.71,69.73,Okra,Low
31.17,45.26,130.61,18.7,28.27,Tomato,Low
35.51,68.26,178.52,20.21,42.16,Paneer,Moderate
34.6,85.22,216.08,40.82,48.72,Cabbage,High
19.51,71.74,123.77,29.99,65.96,Brinjal,Moderate
31.2,96.65,43.44,1.27,63.53,Watermelon,Moderate
22.88,64.98,157.52,44.46,50.82,Ice cream,Moderate
29.8,61.05,168.26,1.45,68.9,Egg,Low
29.68,99.12,31.6,32.49,2.58,Frozen corn,Moderate
28.68,82.53,14.81,44.66,51.86,Potato,Moderate
12.46,87.22,17.81,27.67,63.06,Ready meals,Moderate
17.55,49.69,51.73,33.19,29.5,Milk,Moderate
30.11,99.23,281.63,17.19,71.98,Tomato,Moderate
11.05,81.22,103.77,44.43,10.46,Chickpea,Moderate
35.15,77.06,229.09,26.2,24.54,Chicken,High
42.03,99.75,197.49,30.81,63.59,Lentil,High
38.29,45.66,109.32,17.98,24.23,Grapes,Low
11.59,53.62,261.58,8.92,9.48,Papaya,Low
30.54,53.07,167.03,26.6,70.86,Pineapple,Moderate
26.03,46.65,299.66,40.6,19.87,Ice cream,Moderate
36.75,62.43,201.0,46.69,46.1,Butter,Moderate
24.57,91.02,174.49,47.61,70.55,Cauliflower,Moderate
23.06,98.57,263.68,46.63,8.35,Mango,Moderate
24.17,98.64,152.44,29.44,51.85,Frozen peas,Moderate
37.51,51.71,270.64,25.47,22.27,Ready meals,Moderate
15.36,38.88,195.89,28.5,69.49,Fish,Moderate
15.87,37.6,27.04,17.14,59.81,Lentil,Low
17.55,54.41,9.04,7.42,36.45,Meat products,Low
22.02,71.98,30.36,28.75,57.72,Carrot,Moderate
12.27,34.0,169.17,12.94,27.16,Ready meals,Low
28.68,48.53,273.1,12.6,23.72,Frozen peas,Low
11.43,81.76,207.35,10.39,11.36,Barley,Low
16.13,63.76,145.72,45.4,20.8,Watermelon,Low
25.95,36.39,140.87,36.07,23.89,Papaya,Low
18.77,38.41,196.98,8.77,67.71,Brinjal,Low
27.07,94.99,138.77,19.49,19.89,Wheat,Low
34.27,75.87,203.44,45.56,24.1,Pineapple,Moderate
16.54,51.51,167.46,32.58,3.98,Milk,Moderate
17.58,73.92,64.52,36.34,7.55,Orange,Low
19.1,79.22,219.13,40.73,61.95,Egg,Moderate
25.54,69.65,275.42,1.83,8.89,Watermelon,Low
44.55,78.58,157.28,10.4,50.16,Papaya,Moderate
19.17,45.36,253.57,23.11,2.38,Egg,Low
10.07,40.38,257.0,23.78,55.66,Cauliflower,Low
41.56,69.09,132.66,41.8,63.12,Egg,Moderate
28.86,52.78,41.6,11.95,26.16,Orange,Low
21.61,79.23,114.68,7.57,59.86,Pineapple,Moderate
15.08,37.27,219.38,20.01,27.63,Green gram,Low
44.76,75.54,238.45,14.77,55.97,Butter,Moderate
39.5,67.69,148.51,9.25,35.68,Green gram,Low
24.29,53.99,251.39,45.78,67.32,Ice cream,Moderate
38.32,71.05,200.37,18.79,61.38,Maize,Moderate
14.69,43.15,217.21,45.02,23.39,Cabbage,Low
29.57,47.29,286.13,16.11,29.88,Apple,Low
29.74,93.38,144.22,30.86,26.4,Frozen peas,Moderate
18.82,49.26,264.72,42.11,5.33,Apple,Low
13.02,86.81,20.24,9.36,46.91,Chickpea,Moderate
21.15,97.6,293.56,17.96,64.69,Fish,Moderate
21.08,93.54,117.07,31.48,17.16,Grapes,Moderate
20.55,56.38,127.0,14.91,49.51,Maize,Low
28.95,81.83,87.14,10.92,15.75,Cabbage,Low
21.32,61.54,77.56,19.69,43.87,Chicken,Moderate
23.85,45.09,96.46,41.86,26.2,Ready meals,Low
36.09,46.3,1.24,20.19,5.24,Okra,Low
37.03,47.49,95.01,24.69,43.42,Chicken,High
20.59,33.5,179.64,10.52,18.3,Potato,Low
10.67,65.63,268.43,43.53,56.03,Fish,Moderate
38.34,70.33,73.25,38.15,3.36,Frozen corn,Moderate
42.5,47.11,244.41,5.93,69.57,Egg,Moderate
16.0,85.31,115.36,8.61,60.44,Milk,Moderate
15.06,51.47,238.33,39.0,47.16,Green gram,Moderate
36.47,46.07,173.22,23.25,50.06,Wheat,Moderate
36.23,90.04,249.09,27.55,10.91,Pineapple,Moderate
43.65,49.71,138.8,21.1,40.58,Egg,Moderate
38.89,52.79,274.65,14.84,40.95,Maize,Moderate
36.5,64.13,289.29,20.71,29.77,Okra,Low
38.77,95.6,285.81,21.29,45.75,Frozen corn,Moderate
14.39,30.9,169.64,40.31,58.56,Potato,Moderate
42.7,37.83,101.82,45.03,69.44,Guava,Moderate
18.12,96.41,222.01,22.09,30.29,Cauliflower,Low
41.63,76.41,175.08,44.96,45.25,Orange,High
44.43,42.88,149.53,1.29,66.13,Green gram,Moderate
23.47,33.1,127.25,41.45,50.41,Frozen corn,Moderate
11.99,31.29,283.24,43.77,39.33,Frozen corn,Moderate
39.37,47.18,43.53,21.11,52.32,Rice,Moderate
35.22,39.13,101.8,10.81,57.87,Egg,Moderate
37.5,71.7,121.13,37.04,69.78,Potato,Moderate
21.1,50.03,225.21,35.79,26.25,Banana,Low
39.31,48.62,39.44,22.49,32.63,Green gram,Low
39.25,43.36,180.37,46.68,10.03,Guava,Moderate
22.99,48.18,213.43,25.43,31.09,Orange,Low
38.48,68.1,161.97,8.54,25.04,Carrot,Low
38.69,72.18,161.97,38.7,38.7,Rice,Moderate
31.81,87.98,78.84,34.36,11.92,Cheese,Moderate
11.72,87.87,109.29,6.87,45.14,Chickpea,Moderate
24.07,31.53,184.45,2.89,71.54,Spinach,Low
35.64,34.31,286.22,37.4,71.7,Maize,Moderate
11.2,42.13,150.93,8.05,6.26,Apple,Low
23.51,52.63,89.3,34.85,30.85,Frozen peas,Low
24.3,83.25,250.38,43.31,54.27,Watermelon,Moderate
26.26,65.74,281.6,19.3,56.35,Apple,Low
20.0,97.03,176.59,1.58,31.92,Potato,Low
35.43,89.54,216.08,44.88,71.27,Okra,High
25.16,70.21,69.44,11.57,26.73,Wheat,Low
40.42,42.55,207.84,7.0,12.07,Wheat,Low
44.87,73.98,30.16,47.51,51.66,Orange,Moderate
25.75,98.24,223.82,40.7,43.34,Onion,Moderate
39.86,42.16,254.1,28.47,43.77,Mango,Moderate
17.76,73.51,179.06,38.16,43.91,Okra,Moderate
30.44,79.77,159.11,20.81,21.49,Mango,Moderate
17.2,84.36,48.49,31.31,50.33,Ready meals,Moderate
13.72,46.98,175.8,42.72,3.71,Rice,Low
26.93,55.32,260.96,13.13,30.78,Egg,Low
10.6,45.59,101.94,10.47,5.12,Guava,Low
18.15,33.65,277.63,25.72,22.41,Potato,Low
32.03,89.0,242.68,10.57,45.39,Spinach,Moderate
18.83,63.58,167.46,8.99,61.62,Ice cream,Moderate
10.51,72.94,54.15,37.74,23.76,Meat products,Low
11.44,34.17,146.9,6.87,65.23,Carrot,Low
26.53,71.41,276.94,14.5,69.82,Banana,Low
33.66,78.05,83.15,45.85,2.6,Butter,Moderate
15.15,41.13,264.05,41.7,61.98,Potato,Moderate
42.31,87.32,121.23,29.95,43.67,Paneer,High
32.84,76.93,127.96,36.53,57.75,Barley,High
38.48,70.9,215.79,31.22,7.57,Chicken,Moderate
38.13,86.74,158.19,28.32,3.86,Orange,Moderate
44.55,71.77,145.93,21.15,71.2,Ice cream,Moderate
36.21,44.42,235.38,45.13,28.26,Frozen peas,Moderate
20.53,85.77,94.02,24.82,62.41,Grapes,Moderate
43.98,66.1,265.82,12.01,13.45,Ready meals,Low
31.57,67.68,133.42,2.43,49.15,Banana,Moderate
29.83,69.96,204.22,19.03,10.68,Rice,Low
26.69,83.89,264.58,9.21,14.75,Cabbage,Low
11.5,31.24,201.6,13.85,37.09,Frozen peas,Low
24.99,48.97,225.19,10.24,33.55,Pineapple,Low
30.63,60.78,264.32,20.62,42.73,Fish,Moderate
27.52,38.68,227.21,43.97,63.22,Rice,Moderate
38.68,65.52,4.43,28.31,7.17,Brinjal,Moderate
33.15,88.74,136.65,30.92,37.64,Fish,High
14.65,55.08,116.38,45.38,28.33,Okra,Low
20.69,58.17,150.86,42.23,34.72,Rice,Low
39.92,65.39,257.88,31.77,16.31,Carrot,Moderate
14.41,90.69,47.34,26.2,17.22,Meat products,Moderate
11.05,95.71,114.68,46.49,1.09,Tomato,Moderate
33.04,44.12,133.62,16.59,22.82,Chicken,Moderate
20.14,52.53,79.26,5.49,69.98,Grapes,Low
42.3,58.73,105.54,43.79,50.26,Frozen corn,Moderate
40.07,63.37,135.34,3.37,68.89,Mango,Moderate
42.88,49.7,60.83,26.67,19.75,Spinach,Moderate
21.35,75.93,146.5,36.7,36.72,Potato,Moderate
29.82,49.81,196.07,19.76,41.26,Egg,Low
32.69,59.84,282.18,17.88,25.31,Cabbage,Low
17.58,96.55,265.33,13.44,68.54,Maize,Moderate
41.03,44.23,39.1,10.32,71.49,Brinjal,Moderate
15.61,58.15,19.05,36.25,39.03,Cauliflower,Moderate
36.58,40.38,103.91,26.91,4.19,Watermelon,Moderate
30.39,69.27,126.7,34.36,66.77,Onion,Moderate
20.46,87.74,276.48,33.88,30.64,Watermelon,Moderate
32.37,37.4,119.43,19.22,5.98,Onion,Low
39.99,98.17,30.0,36.89,16.43,Ready meals,Moderate
38.15,79.75,186.06,4.98,37.5,Cauliflower,Moderate
16.92,37.29,280.08,31.41,30.03,Pineapple,Low
21.63,67.67,99.71,25.43,10.66,Okra,Low
26.0,49.76,158.2,47.65,30.05,Cheese,Low
25.7,85.38,123.24,14.97,12.92,Spinach,Low
11.14,85.1,39.1,30.43,45.25,Barley,Moderate
37.8,37.11,85.38,7.34,51.2,Egg,Moderate
10.97,92.84,18.12,41.57,16.19,Rice,Moderate
28.18,94.77,251.32,47.98,21.0,Barley,Moderate
17.85,74.03,1.42,43.13,62.03,Ice cream,Moderate
26.64,62.71,159.14,16.63,52.2,Cheese,Low
25.58,72.71,72.79,47.15,8.29,Lentil,Low
18.49,75.15,19.36,46.59,4.68,Watermelon,Moderate
15.66,42.95,46.54,22.51,51.92,Ice cream,Moderate
31.17,47.22,143.06,18.29,3.22,Potato,Low
11.8,68.44,183.41,39.07,44.76,Tomato,Moderate
12.23,73.66,53.26,2.93,9.52,Chickpea,Low
38.05,38.95,288.99,27.38,69.89,Wheat,Moderate
21.79,97.69,15.62,41.18,28.05,Pineapple,Moderate
27.19,95.92,278.91,2.07,64.32,Rice,Moderate
22.66,36.32,71.08,7.18,69.87,Chicken,Moderate
12.51,71.54,3.98,4.5,12.16,Orange,Low
16.36,57.41,127.2,5.97,27.36,Rice,Low
10.96,78.19,2.48,41.39,48.17,Egg,Moderate
34.58,81.72,123.57,45.35,24.74,Papaya,Moderate
16.8,55.2,102.15,14.99,67.92,Orange,Low
36.31,40.87,121.27,37.67,54.57,Ready meals,Moderate
30.64,87.35,27.77,3.05,30.11,Fish,Moderate
33.3,59.37,63.49,1.71,64.21,Banana,Moderate
18.77,56.51,219.5,14.77,47.01,Maize,Low
21.69,33.81,60.4,24.08,42.36,Onion,Moderate
32.48,60.49,170.72,27.49,70.21,Egg,Moderate
30.37,71.76,98.87,4.49,63.73,Milk,Moderate
28.7,82.05,267.63,44.53,7.18,Watermelon,Moderate
44.42,73.68,166.67,47.07,56.15,Meat products,Moderate
19.52,64.37,205.48,28.84,49.35,Butter,Moderate
22.97,34.28,213.24,47.36,45.05,Lentil,Moderate
33.59,78.92,81.0,40.97,35.38,Milk,High
39.27,79.11,29.02,47.05,12.89,Papaya,Moderate
15.49,50.0,38.22,42.12,40.22,Cheese,Moderate
11.85,70.66,221.51,9.97,13.27,Frozen corn,Low
39.06,79.99,273.68,2.14,71.65,Meat products,Moderate
18.22,59.51,110.44,22.32,65.73,Grapes,Low
20.4,88.51,238.56,27.66,43.96,Barley,Moderate
26.68,72.75,156.15,7.27,4.13,Milk,Low
15.12,51.21,291.12,45.01,1.33,Onion,Low
25.73,93.05,43.82,5.12,58.82,Chickpea,Moderate
43.67,41.8,118.84,8.14,2.11,Maize,Low
30.24,69.66,245.46,4.37,12.04,Banana,Low
30.72,87.46,23.17,40.57,71.72,Orange,High
36.76,49.64,273.57,25.52,60.52,Chickpea,Moderate
30.41,45.78,143.58,43.81,45.84,Grapes,Moderate
25.9,85.89,118.65,26.2,13.9,Butter,Moderate
19.75,92.34,14.92,17.44,49.52,Chicken,Moderate
32.14,33.26,187.45,16.61,11.01,Frozen peas,Low
34.73,77.61,127.2,7.97,40.13,Lentil,Moderate
29.22,81.0,144.79,25.49,41.26,Grapes,Moderate
41.08,81.45,125.95,35.48,57.22,Butter,High
33.87,51.89,30.0,33.92,51.95,Apple,Moderate
42.67,63.98,155.13,18.67,15.25,Rice,Low
19.82,71.91,128.92,47.64,19.23,Egg,Low
40.22,72.06,146.9,7.58,48.78,Barley,Moderate
10.98,58.55,93.52,44.39,41.3,Orange,Moderate
12.39,52.7,26.82,30.16,49.25,Frozen corn,Moderate
35.12,38.08,15.63,32.48,57.17,Papaya,Moderate
11.57,30.78,242.86,13.47,49.99,Ready meals,Low
38.7,50.12,194.64,26.5,57.16,Green gram,Moderate
13.94,58.21,2.53,47.76,31.58,Onion,Low
20.21,32.72,278.85,4.1,62.29,Ready meals,Low
25.0,84.48,218.01,42.36,43.37,Meat products,Moderate
19.32,43.01,257.48,1.37,2.13,Chickpea,Low
35.33,78.08,3.32,10.86,57.56,Ready meals,Moderate
42.08,44.51,53.36,38.97,53.08,Banana,Moderate
42.11,48.16,273.66,3.65,23.73,Onion,Low
43.96,99.01,247.31,11.05,9.6,Papaya,Moderate
42.33,85.21,259.59,43.93,23.9,Mango,Moderate
21.81,47.97,180.95,28.32,24.61,Lentil,Low
19.4,94.06,243.77,31.83,9.42,Watermelon,Moderate
16.37,44.66,177.78,17.64,14.32,Tomato,Low
32.0,83.84,174.4,20.13,68.96,Wheat,Moderate
13.96,60.88,280.15,25.74,63.74,Wheat,Moderate
16.63,44.87,139.65,6.68,65.3,Spinach,Low
17.23,38.27,65.69,1.55,6.64,Frozen corn,Low
35.57,77.13,103.8,15.25,64.36,Milk,High
15.1,54.75,170.01,5.61,66.16,Cabbage,Low
33.66,81.43,174.75,5.54,49.28,Butter,Moderate
16.76,63.15,181.7,35.9,31.38,Chickpea,Low
44.08,41.99,227.34,24.26,24.33,Cheese,Moderate
16.08,81.13,224.89,12.9,50.07,Guava,Moderate
43.57,72.68,296.47,12.92,52.03,Papaya,Moderate
23.32,82.23,179.16,47.81,23.35,Papaya,Moderate
25.25,99.7,244.74,35.48,25.16,Rice,Moderate
40.74,81.91,271.61,36.57,4.01,Papaya,Moderate
23.6,48.14,283.99,14.89,38.23,Ice cream,Moderate
28.63,44.79,286.68,39.54,7.04,Brinjal,Low
25.9,34.42,72.97,20.1,18.93,Chickpea,Low
29.64,67.45,88.38,26.87,70.55,Chicken,Moderate
44.95,45.59,25.48,39.83,10.42,Wheat,Moderate
42.63,31.93,137.64,41.17,3.29,Egg,Moderate
16.26,57.37,12.22,8.88,29.72,Cabbage,Low
32.77,66.37,18.13,25.34,57.45,Spinach,Moderate
14.73,94.77,100.27,29.14,19.43,Rice,Moderate
14.1,92.18,235.73,9.46,7.07,Ice cream,Moderate
15.67,68.69,242.22,19.79,59.43,Mango,Low
33.64,71.2,215.0,27.57,16.42,Chickpea,Moderate
34.76,82.74,199.79,36.77,34.49,Meat products,Moderate
14.07,65.87,231.4,18.19,4.98,Potato,Low
21.06,76.08,153.82,29.42,10.88,Maize,Moderate
19.84,86.6,71.85,24.56,67.63,Watermelon,Moderate
23.85,87.87,111.75,35.24,53.86,Carrot,Moderate
17.24,58.11,9.39,19.23,57.45,Orange,Low
30.38,43.43,70.63,43.93,16.73,Watermelon,Moderate
44.72,46.2,147.9,17.15,61.1,Apple,Moderate
18.48,46.41,110.18,28.41,64.4,Watermelon,Moderate
40.56,51.18,180.91,15.14,6.54,Milk,Moderate
24.48,35.59,74.54,29.14,32.36,Fish,Moderate
27.42,38.78,139.43,31.24,7.89,Watermelon,Low
44.42,86.59,26.56,24.45,46.21,Carrot,High
22.64,56.94,37.81,40.04,35.35,Tomato,Low
20.59,58.28,15.55,36.86,24.29,Meat products,Low
37.52,94.57,245.41,32.95,2.58,Lentil,Moderate
24.6,30.43,256.26,38.73,56.18,Maize,Moderate
10.32,88.69,24.87,41.37,62.87,Maize,Moderate
26.82,66.36,130.17,20.24,45.62,Papaya,Low
31.69,50.7,72.74,42.71,32.28,Paneer,Moderate
14.57,86.89,16.78,42.53,43.99,Maize,Moderate
39.23,80.15,232.69,24.39,32.32,Watermelon,Moderate
12.04,64.49,179.61,13.43,42.18,Chickpea,Low
19.37,69.05,129.52,44.35,37.75,Meat products,Moderate
40.19,80.8,207.59,21.86,54.73,Frozen corn,Moderate
39.01,90.5,99.37,32.2,29.95,Barley,Moderate
40.16,63.78,219.04,35.1,12.03,Barley,Moderate
20.8,95.05,175.78,41.69,24.13,Paneer,Moderate
36.97,33.59,109.52,21.44,64.11,Ice cream,Moderate
26.4,40.1,203.26,30.25,46.85,Mango,Moderate
38.95,37.63,171.02,33.41,22.02,Cauliflower,Moderate
11.13,36.82,183.75,40.79,69.4,Meat products,Moderate
14.41,96.97,263.23,43.17,27.0,Maize,Moderate
26.78,74.28,224.23,15.93,67.06,Pineapple,Low
31.36,38.25,136.41,35.29,42.86,Mango,Moderate
30.19,57.75,66.82,8.28,53.33,Egg,Moderate
41.41,61.79,165.92,43.04,63.28,Meat products,Moderate
44.38,57.1,229.22,11.72,52.86,Onion,Moderate
19.22,67.12,51.13,11.47,46.22,Cheese,Low
20.34,64.66,125.37,21.95,67.44,Cheese,Low
17.3,68.82,129.3,10.09,53.31,Okra,Low
15.56,57.61,42.08,27.2,44.35,Cabbage,Moderate
41.63,34.88,92.69,28.22,68.53,Rice,Moderate
43.59,92.15,179.3,1.23,63.85,Meat products,Moderate
32.1,51.75,236.43,29.53,3.71,Ready meals,Moderate
15.66,88.2,253.79,46.14,28.62,Chicken,Moderate
19.61,97.12,79.08,31.82,51.09,Chickpea,Moderate
26.37,98.17,227.57,18.07,50.75,Papaya,Moderate
39.21,88.14,142.02,47.51,7.08,Cabbage,Moderate
20.16,57.21,292.35,44.44,7.04,Cabbage,Low
25.42,49.97,53.42,33.86,48.72,Tomato,Moderate
15.39,48.59,149.67,40.17,46.06,Lentil,Moderate
17.54,65.21,7.02,29.4,68.67,Potato,Moderate
24.47,70.7,144.06,37.33,52.8,Brinjal,Moderate
24.68,98.41,46.91,3.52,4.17,Rice,Low
15.91,52.68,121.21,10.23,60.84,Frozen peas,Low
41.4,60.01,44.07,6.39,5.51,Spinach,Low
13.81,48.63,185.91,45.33,23.9,Spinach,Low
35.15,79.69,220.59,44.5,5.58,Onion,Moderate
15.51,97.72,83.87,31.09,37.7,Frozen peas,Moderate
43.4,37.99,158.03,35.29,62.99,Cauliflower,Moderate
30.16,79.59,62.4,28.85,6.94,Potato,Moderate
17.75,98.91,139.79,11.03,31.69,Banana,Low
38.46,59.1,288.11,46.94,65.04,Cheese,Moderate
14.17,69.61,52.35,14.57,66.62,Grapes,Low
26.05,73.58,117.74,25.39,70.23,Orange,Moderate
35.73,69.25,182.54,10.1,37.47,Cabbage,Moderate
40.47,99.73,159.05,42.85,56.38,Frozen peas,High
42.29,92.1,236.74,39.85,24.39,Cabbage,Moderate
40.56,62.45,158.06,10.49,14.84,Okra,Low
33.8,34.21,293.59,41.79,4.23,Frozen corn,Moderate
34.25,39.13,241.71,6.04,16.39,Frozen corn,Low
30.83,95.21,237.49,37.93,5.29,Onion,Moderate
13.62,70.98,270.66,11.61,3.39,Papaya,Low
28.87,46.5,246.26,33.59,17.79,Butter,Low
37.43,54.91,207.92,9.9,62.71,Apple,Moderate
37.73,40.45,94.57,25.07,31.53,Onion,Moderate
30.96,34.04,242.38,38.05,6.07,Paneer,Moderate
24.82,39.2,156.1,8.54,68.49,Lentil,Low
18.89,91.51,247.7,30.2,21.27,Orange,Moderate
26.98,64.19,123.42,6.0,58.63,Spinach,Low
13.63,86.32,164.14,26.21,24.12,Frozen corn,Moderate
35.75,63.64,44.42,22.32,52.77,Wheat,Moderate
27.47,54.57,68.21,40.51,20.78,Orange,Low
27.39,32.78,120.4,43.46,48.97,Mango,Moderate
22.46,78.9,144.02,46.85,67.52,Butter,Moderate
44.57,43.31,200.89,8.93,2.99,Milk,Moderate
39.21,81.9,139.55,5.4,70.78,Tomato,Moderate
24.15,31.42,268.84,10.86,41.6,Banana,Low
33.65,99.11,118.83,12.36,71.79,Potato,Moderate
21.23,60.96,111.81,18.14,55.28,Ice cream,Moderate
21.44,66.92,102.16,21.62,62.25,Ready meals,Low
33.43,82.31,234.32,23.29,67.54,Watermelon,Moderate
22.8,58.33,171.99,4.32,12.97,Frozen peas,Low
41.97,83.29,295.1,25.9,8.31,Maize,Moderate
15.62,83.52,176.88,15.16,1.25,Onion,Low
20.99,79.57,258.1,30.08,45.85,Chickpea,Moderate
30.53,77.46,197.46,19.06,56.06,Rice,Moderate
17.98,73.27,72.84,12.65,62.24,Cabbage,Low
31.12,43.75,79.52,40.04,50.38,Spinach,Moderate
25.56,34.77,241.57,46.31,49.58,Ready meals,Moderate
11.86,85.3,251.61,17.16,29.48,Barley,Low
32.42,97.18,22.36,4.83,62.04,Guava,Moderate
20.59,49.97,39.42,25.63,47.19,Okra,Moderate
34.88,89.77,4.04,14.17,46.0,Guava,Moderate
10.74,46.93,111.65,24.09,26.05,Mango,Low
15.95,69.93,248.37,46.96,30.97,Carrot,Low
23.41,62.26,226.55,38.98,58.1,Maize,Moderate
20.68,73.32,72.69,17.35,64.88,Ready meals,Low
42.82,95.98,272.17,47.65,25.93,Onion,Moderate
40.67,40.75,224.28,44.76,9.65,Apple,Moderate
30.26,44.26,74.2,1.0,33.31,Orange,Low
13.98,92.72,6.51,19.83,70.45,Apple,Moderate
42.02,73.17,285.74,41.3,70.19,Fish,High
24.75,99.22,231.11,46.73,16.51,Guava,Moderate
21.23,78.72,63.16,24.34,47.84,Onion,Moderate
12.76,74.15,228.82,9.7,27.88,Ready meals,Low
25.88,47.27,161.54,14.05,14.61,Onion,Low
34.44,76.38,218.36,38.73,19.84,Wheat,Moderate
36.47,71.67,65.41,3.43,30.28,Rice,Low
29.41,76.73,131.89,22.01,59.17,Carrot,Moderate
27.6,45.98,30.53,4.66,30.7,Mango,Low
12.8,78.18,155.21,46.03,70.84,Chicken,High
11.46,88.41,267.86,41.58,60.03,Mango,Moderate
12.23,45.93,98.79,11.39,56.69,Barley,Low
17.2,96.38,16.56,47.3,52.0,Banana,Moderate
34.0,88.71,187.08,4.27,60.88,Tomato,Moderate
39.17,82.04,55.7,29.89,55.19,Grapes,High
44.87,70.08,85.63,46.0,14.99,Onion,Moderate
29.05,92.63,111.14,46.36,45.19,Green gram,Moderate
30.39,63.61,270.51,26.85,9.13,Onion,Moderate
38.6,52.63,250.98,3.63,59.98,Carrot,Moderate
29.74,49.7,269.43,2.82,30.18,Meat products,Low
43.25,67.32,18.57,37.15,5.02,Frozen peas,Moderate
44.08,80.38,132.51,46.86,62.49,Banana,High
29.43,88.7,143.68,37.94,42.16,Rice,Moderate
13.73,71.02,99.74,16.6,53.41,Watermelon,Low
29.87,38.91,290.85,44.89,47.35,Frozen peas,Moderate
39.83,32.47,66.18,26.7,9.3,Cauliflower,Moderate
26.2,41.76,189.57,10.4,47.2,Tomato,Low
41.91,76.07,68.93,28.0,62.1,Pineapple,High
19.48,76.2,269.85,23.7,36.93,Chickpea,Moderate
25.95,37.97,71.24,39.39,30.99,Pineapple,Low
31.8,88.72,71.95,7.9,20.07,Tomato,Moderate
32.56,78.42,289.73,26.36,29.42,Chickpea,Moderate
21.88,70.87,255.07,12.86,19.24,Fish,Low
27.5,90.76,101.82,22.81,15.16,Guava,Low
19.97,82.87,270.49,10.05,6.78,Watermelon,Low
12.08,75.34,286.56,38.53,60.03,Mango,Moderate
38.15,43.32,71.49,47.1,41.83,Meat products,Moderate
30.52,41.35,199.52,3.8,60.42,Carrot,Moderate
23.88,96.4,158.41,12.13,68.24,Banana,Moderate
44.64,83.92,262.88,16.48,59.06,Wheat,Moderate
42.37,63.75,298.98,9.39,21.42,Wheat,Low
40.94,35.43,24.22,18.86,29.67,Papaya,Low
33.14,95.75,79.91,4.5,25.86,Brinjal,Moderate
21.42,66.49,259.66,30.8,28.25,Rice,Low
29.99,49.98,153.67,6.81,3.14,Cauliflower,Low
29.59,49.06,261.54,38.18,43.17,Cauliflower,Moderate
27.38,72.79,290.94,39.67,3.69,Guava,Low
20.63,38.95,239.52,11.91,12.83,Apple,Low
15.22,69.97,10.78,27.86,47.48,Grapes,Moderate
17.65,91.38,24.55,25.3,40.95,Cabbage,Moderate
42.93,42.16,1.29,38.92,61.51,Frozen corn,Moderate
15.99,58.79,169.64,23.99,2.75,Potato,Low
38.81,50.06,98.56,27.37,48.96,Grapes,Moderate
17.84,64.88,190.55,3.18,4.9,Egg,Low
42.03,66.16,193.68,45.99,11.17,Ice cream,Moderate
23.42,93.67,297.93,34.44,30.2,Cauliflower,Moderate
17.15,71.81,289.14,9.91,70.32,Rice,Low
24.85,40.23,165.43,45.01,20.11,Rice,Low
12.61,48.42,289.11,3.61,24.49,Guava,Low
23.86,82.62,66.57,20.08,8.85,Papaya,Low
26.22,58.51,59.22,47.6,54.65,Fish,Moderate
28.32,59.4,266.31,6.31,57.51,Maize,Low
33.95,76.97,203.34,16.96,11.45,Carrot,Moderate
41.04,86.33,86.56,30.77,27.41,Maize,Moderate
30.85,40.16,132.8,5.95,1.94,Paneer,Moderate
21.84,67.59,197.88,18.15,55.81,Barley,Low
17.47,88.53,123.99,18.46,29.65,Okra,Low
23.69,45.32,68.63,18.69,4.75,Potato,Low
37.54,47.48,86.05,28.8,2.34,Grapes,Moderate
14.61,93.95,296.15,9.84,40.14,Fish,Moderate
12.8,58.09,199.74,2.97,63.19,Guava,Low
20.16,57.07,217.29,34.93,29.72,Green gram,Low
29.04,58.24,240.66,7.77,67.83,Potato,Low
21.32,88.83,28.1,7.93,54.72,Apple,Moderate
44.05,45.63,81.59,17.24,18.71,Onion,Low
19.32,63.37,38.08,32.12,61.61,Milk,Moderate
11.48,45.42,246.86,30.64,15.32,Milk,Moderate
28.32,64.29,15.39,17.41,7.3,Barley,Low
32.09,98.36,80.78,11.37,19.81,Butter,Moderate
10.49,92.2,27.66,27.34,1.11,Banana,Moderate
36.55,61.96,16.66,19.19,27.33,Orange,Low
29.95,60.85,57.14,35.12,7.7,Tomato,Low
31.48,86.41,200.85,14.77,53.42,Milk,High
34.91,86.59,153.91,42.58,2.72,Lentil,Moderate
29.49,37.85,184.35,15.91,14.14,Orange,Low
19.27,88.53,51.32,40.51,36.78,Pineapple,Moderate
40.78,85.87,5.66,3.42,63.45,Orange,Moderate
40.42,69.81,257.65,3.21,47.9,Guava,Moderate
34.81,62.6,214.3,22.44,10.38,Okra,Low
22.67,85.75,25.86,31.95,35.47,Potato,Moderate
27.76,39.33,229.6,47.92,21.61,Green gram,Low
17.46,69.6,98.03,45.18,69.45,Tomato,Moderate
35.49,95.91,155.18,20.46,7.94,Ready meals,Moderate
43.04,79.49,70.77,34.78,29.57,Guava,Moderate
44.68,30.04,53.31,15.24,8.4,Tomato,Low
18.54,57.32,144.12,17.75,31.46,Green gram,Low
32.23,62.38,38.36,15.96,32.85,Chicken,Moderate
30.82,85.5,196.55,39.93,60.6,Carrot,High
13.97,34.72,271.64,16.83,37.55,Carrot,Low
44.38,76.6,24.95,23.13,64.35,Barley,Moderate
43.25,46.65,272.31,2.12,24.39,Egg,Low
18.16,74.98,56.09,38.05,37.3,Ready meals,Moderate
33.92,55.11,292.97,30.68,61.12,Fish,High
35.99,40.48,12.65,2.27,40.87,Cauliflower,Moderate
24.09,32.7,221.67,9.53,35.59,Banana,Low
33.51,32.95,225.54,18.07,21.21,Brinjal,Low
11.17,38.04,273.29,15.81,35.84,Cauliflower,Low
36.11,85.19,139.59,40.16,55.1,Papaya,High
37.63,91.73,166.43,14.7,8.64,Butter,Moderate
40.69,49.55,276.14,19.03,28.18,Carrot,Low
42.62,45.39,255.45,20.45,28.48,Cabbage,Low
35.57,92.19,273.92,37.26,5.85,Green gram,Moderate
23.92,65.99,149.44,32.75,64.29,Rice,Moderate
42.03,41.05,229.32,25.53,33.67,Paneer,Moderate
43.51,64.09,229.38,1.66,54.7,Spinach,Moderate
29.08,38.24,10.47,26.58,6.72,Fish,Moderate
25.06,88.55,211.12,4.86,27.91,Grapes,Low
25.33,94.13,105.64,41.65,67.82,Chicken,High
39.86,89.42,106.03,35.34,19.94,Fish,High
27.85,50.3,19.03,8.85,54.11,Rice,Low
13.79,87.49,13.83,34.8,10.82,Chickpea,Moderate
36.03,67.16,288.92,26.28,6.74,Meat products,Moderate
41.51,65.08,258.97,25.35,15.53,Potato,Moderate
39.46,55.02,77.81,46.37,62.52,Maize,Moderate
18.3,90.17,267.72,15.1,10.32,Frozen corn,Low
11.22,41.47,159.59,30.56,59.13,Wheat,Moderate
38.67,77.44,148.06,23.71,13.19,Frozen corn,Moderate
28.63,91.35,282.88,21.83,34.52,Watermelon,Low
17.64,36.98,86.65,43.6,70.85,Guava,Moderate
21.14,80.56,181.56,5.29,46.0,Wheat,Moderate
11.84,48.71,151.53,30.91,61.65,Frozen corn,Moderate
14.56,97.68,222.72,38.41,51.44,Ice cream,High
26.98,67.23,80.7,11.98,65.6,Cheese,Low
17.26,69.52,257.64,46.68,56.06,Butter,Moderate
15.92,34.28,129.61,37.68,6.27,Onion,Low
41.6,36.56,226.85,3.75,37.19,Frozen corn,Moderate
16.71,42.01,97.99,32.34,37.71,Grapes,Moderate
29.76,91.61,116.69,19.16,38.38,Okra,Moderate
38.99,66.83,168.01,44.22,58.84,Brinjal,Moderate
24.37,35.64,260.45,1.73,6.49,Frozen corn,Low
37.03,65.59,140.42,19.23,10.04,Frozen corn,Low
33.49,68.1,254.07,21.05,17.77,Cauliflower,Low
19.08,70.22,199.14,38.84,5.21,Carrot,Low
35.06,77.33,146.53,42.31,71.71,Paneer,High
10.21,60.41,295.62,43.32,57.33,Barley,Moderate
31.02,84.22,183.01,10.12,43.92,Banana,Moderate
14.91,89.5,191.88,40.59,30.29,Grapes,Moderate
11.42,34.63,172.75,2.76,21.26,Onion,Low
14.4,68.7,136.92,12.11,43.03,Chicken,Moderate
37.69,49.97,230.37,13.31,32.19,Pineapple,Low
37.07,74.79,69.18,45.55,61.7,Watermelon,Moderate
33.58,65.85,32.13,26.08,19.77,Meat products,Moderate
10.57,59.86,213.71,21.38,46.7,Orange,Low
38.28,45.76,134.34,8.73,26.57,Pineapple,Low
21.96,94.02,23.04,6.44,39.66,Butter,Moderate
36.06,92.7,283.59,47.72,4.99,Ice cream,High
44.83,35.74,256.17,13.43,1.74,Guava,Low
35.35,86.27,190.5,28.98,56.36,Pineapple,High
24.4,98.96,47.44,7.74,14.56,Chickpea,Low
34.7,67.97,97.44,25.43,8.41,Maize,Moderate
30.43,60.55,121.23,35.29,64.73,Barley,Moderate
31.71,72.42,112.02,21.43,17.1,Mango,Low
33.59,34.92,107.18,23.43,46.05,Grapes,Moderate
25.19,73.69,219.41,21.83,25.0,Spinach,Low
29.79,42.57,170.19,6.9,67.41,Cabbage,Low
25.06,58.06,17.24,35.09,59.72,Fish,Moderate
40.14,76.83,22.94,43.57,65.88,Guava,High
38.23,83.82,238.86,4.49,42.23,Butter,Moderate
40.46,83.96,15.22,4.83,30.29,Barley,Moderate
20.15,60.65,297.9,40.39,19.61,Guava,Low
41.21,88.47,61.6,36.96,13.91,Orange,Moderate
41.03,68.5,21.23,29.73,63.19,Spinach,Moderate
38.19,95.44,265.19,25.43,19.94,Frozen corn,Moderate
31.78,47.19,275.85,31.07,43.19,Fish,High
20.16,99.75,58.25,35.53,6.83,Butter,Moderate
26.82,75.97,12.45,3.59,21.61,Lentil,Low
43.62,55.39,27.23,43.71,1.8,Frozen corn,Moderate
42.94,89.77,290.65,41.8,66.65,Ice cream,High
42.07,65.85,204.95,11.95,3.6,Spinach,Low
38.47,69.12,147.1,9.87,24.05,Ready meals,Low
14.37,62.34,200.79,31.32,13.1,Mango,Low
26.27,39.34,13.0,38.93,40.68,Potato,Moderate
28.28,57.45,89.58,3.39,6.25,Fish,Low
24.05,46.57,170.16,22.27,33.12,Rice,Low
18.08,37.67,52.66,24.88,46.36,Fish,Moderate
30.66,87.62,17.24,19.02,31.88,Cauliflower,Moderate
25.6,45.23,101.04,44.5,25.74,Potato,Low
21.71,57.97,232.28,3.75,21.18,Potato,Low
41.85,58.67,101.67,39.72,64.88,Cauliflower,Moderate
13.7,63.63,286.89,13.99,38.67,Maize,Low
43.14,85.84,269.36,11.5,38.76,Watermelon,Moderate
15.59,60.43,231.84,17.3,39.61,Grapes,Low
14.33,86.48,72.21,46.15,23.91,Frozen corn,Moderate
18.85,44.88,91.81,1.83,59.25,Barley,Low
20.99,71.94,99.11,5.08,37.86,Pineapple,Low
28.12,69.78,257.36,8.62,67.18,Guava,Low
15.97,49.74,50.82,6.83,4.08,Rice,Low
16.04,73.86,20.26,4.44,22.68,Onion,Low
17.38,39.59,118.98,41.52,21.95,Meat products,Low
27.62,31.08,80.62,34.83,59.51,Carrot,Moderate
31.62,43.78,182.77,42.0,24.38,Okra,Moderate
13.16,86.19,104.97,3.53,55.76,Cheese,Moderate
17.68,60.81,32.7,10.26,67.72,Potato,Low
34.9,82.02,160.85,37.11,56.18,Spinach,High
19.34,88.56,267.94,37.67,12.59,Cabbage,Moderate
35.45,96.51,234.89,28.27,13.86,Fish,High
27.9,51.93,170.15,10.68,49.64,Guava,Low
18.22,92.3,45.75,24.9,17.32,Spinach,Moderate
31.89,42.46,78.6,30.83,59.76,Guava,Moderate
38.62,65.44,209.12,12.01,70.77,Frozen peas,Moderate
30.45,50.4,67.22,35.67,28.22,Green gram,Moderate
39.57,47.16,260.79,32.74,35.57,Watermelon,Moderate
23.09,44.07,12.81,34.28,21.26,Apple,Low
12.01,79.87,91.7,42.09,64.65,Papaya,Moderate
33.42,93.55,90.94,21.2,10.32,Pineapple,Moderate
33.34,48.09,109.57,12.17,29.28,Maize,Low
17.41,53.81,115.72,29.45,70.12,Egg,Moderate
32.51,74.93,252.9,47.36,49.3,Watermelon,Moderate
44.28,70.73,136.98,21.34,7.65,Milk,Moderate
37.9,50.21,31.96,47.06,33.28,Green gram,Moderate
35.16,73.23,172.6,38.68,48.89,Egg,Moderate
26.84,71.67,282.53,3.47,3.04,Pineapple,Low
11.17,78.35,115.8,12.03,47.78,Paneer,Moderate
41.3,30.35,290.49,43.46,55.26,Apple,Moderate
43.32,73.51,18.67,6.7,65.72,Lentil,Moderate
26.5,51.68,214.95,10.59,23.16,Meat products,Low
28.25,80.63,256.1,41.0,51.53,Rice,Moderate
40.0,89.34,260.26,21.4,32.96,Mango,Moderate
38.2,32.71,162.4,20.09,70.06,Lentil,Moderate
22.08,62.43,288.83,26.79,3.05,Watermelon,Low
16.54,84.92,170.22,19.31,63.45,Guava,Moderate
23.49,30.45,74.09,25.49,6.39,Chickpea,Low
10.65,92.32,197.34,26.6,55.09,Milk,High
20.54,77.42,227.95,6.6,11.34,Tomato,Low
16.45,65.99,249.97,1.47,70.1,Frozen peas,Low
24.4,75.85,149.85,4.07,10.72,Okra,Low
16.21,64.09,5.27,21.19,8.26,Brinjal,Low
35.97,79.07,159.29,34.24,14.96,Fish,High
39.49,78.69,47.52,21.22,64.37,Butter,Moderate
43.17,32.45,151.93,33.65,60.8,Wheat,Moderate
14.66,32.48,125.04,34.1,26.29,Apple,Low
27.39,70.07,259.68,47.05,33.34,Paneer,Moderate
27.86,95.42,217.24,24.45,57.29,Cauliflower,Moderate
36.87,32.13,129.43,16.56,57.89,Wheat,Moderate
26.62,87.78,154.62,42.24,33.88,Lentil,Moderate
20.31,62.59,130.43,6.67,10.68,Paneer,Low
32.34,30.38,159.29,22.91,33.49,Wheat,Low
30.25,77.97,31.77,47.58,55.56,Frozen peas,High
30.05,77.81,72.4,15.01,45.88,Lentil,Moderate
32.9,38.04,277.44,14.83,16.17,Guava,Low
42.96,41.48,29.34,12.88,44.52,Grapes,Moderate
10.57,72.84,128.48,34.75,19.35,Egg,Low
23.68,85.27,44.76,11.08,35.62,Potato,Low
14.53,98.26,98.37,9.49,11.3,Onion,Low
21.75,38.82,212.02,30.37,18.62,Cabbage,Low
44.79,92.07,290.94,25.57,36.47,Potato,High
29.84,34.52,112.7,35.24,34.91,Okra,Low
31.92,70.79,21.46,27.93,21.95,Ready meals,Moderate
43.57,74.07,203.34,37.52,7.25,Chicken,Moderate
38.68,41.13,52.78,26.47,29.15,Tomato,Moderate
34.16,64.42,240.33,14.39,65.64,Banana,Moderate
26.25,51.42,56.8,8.7,24.6,Lentil,Low
21.39,37.84,95.87,32.48,3.02,Paneer,Moderate
43.8,54.97,18.56,43.26,40.31,Maize,Moderate
44.73,86.81,76.58,40.24,69.86,Cabbage,High
41.97,71.07,241.64,3.51,67.17,Cauliflower,Moderate
34.89,99.76,204.78,13.6,59.92,Green gram,Moderate
40.3,89.51,154.48,1.98,64.87,Green gram,Moderate
26.94,54.43,284.82,43.16,23.16,Egg,Low
10.13,53.0,268.2,37.6,17.75,Mango,Low
40.46,76.9,32.15,20.89,6.73,Watermelon,Moderate
40.38,44.9,105.71,29.81,12.13,Maize,Moderate
36.38,84.56,126.87,41.54,37.24,Barley,High
16.44,58.28,90.09,47.69,18.79,Papaya,Low
17.11,74.25,76.61,4.28,26.33,Maize,Low
42.13,77.27,232.97,33.74,39.38,Ready meals,High
36.47,34.33,270.26,39.76,4.48,Pineapple,Moderate
24.94,34.59,244.56,21.82,31.64,Frozen corn,Low
34.52,48.27,115.64,23.22,7.1,Fish,Moderate
27.8,86.99,201.77,23.99,55.53,Papaya,Moderate
31.53,42.34,294.08,2.72,68.03,Ice cream,Moderate
16.73,34.37,31.45,14.51,31.93,Ready meals,Low
25.37,52.61,7.97,14.42,15.45,Frozen corn,Low
33.86,96.46,115.42,16.29,28.31,Brinjal,Moderate
44.51,90.71,128.15,26.93,60.34,Frozen peas,High
36.22,41.96,89.5,35.95,36.39,Green gram,Moderate
32.61,59.71,162.45,32.19,54.99,Wheat,Moderate
26.27,57.04,201.95,47.14,41.14,Butter,Moderate
18.87,85.76,201.21,1.65,20.98,Egg,Low
32.11,52.65,110.77,14.34,62.7,Barley,Moderate
14.94,50.41,32.29,15.54,39.85,Mango,Low
38.67,46.52,193.87,22.28,27.06,Tomato,Low
22.55,43.99,184.33,5.26,33.98,Pineapple,Low
43.13,88.52,249.69,42.03,6.36,Cheese,Moderate
41.82,77.24,245.09,11.43,18.83,Frozen peas,Moderate
29.34,73.84,21.31,44.4,22.43,Orange,Low
40.39,52.51,207.92,42.65,38.77,Guava,Moderate
37.75,35.54,151.9,12.86,27.03,Carrot,Low
42.87,61.85,218.46,5.73,24.45,Spinach,Low
44.57,59.4,294.32,13.04,10.01,Green gram,Low
27.88,30.33,151.08,17.08,59.17,Rice,Low
12.66,99.76,66.1,10.73,36.14,Apple,Moderate
34.73,40.0,46.78,32.01,38.62,Carrot,Moderate
13.9,59.04,121.36,46.94,28.21,Grapes,Low
34.13,94.68,32.92,8.48,52.61,Green gram,Moderate
21.17,91.72,231.22,23.47,23.93,Spinach,Low
27.3,44.24,247.62,23.17,15.46,Tomato,Low
37.36,83.08,184.9,12.22,14.68,Potato,Moderate
16.27,43.87,113.58,43.36,53.14,Meat products,Moderate
41.32,73.53,191.08,38.05,50.92,Mango,Moderate
16.34,69.55,124.24,20.57,7.12,Lentil,Low
27.77,80.49,99.07,43.75,63.67,Paneer,High
10.58,84.1,289.69,15.94,63.61,Chickpea,Moderate
29.09,96.18,46.15,29.96,37.63,Carrot,Moderate
37.14,38.08,167.61,24.55,36.3,Mango,Moderate
21.73,85.03,53.43,39.22,58.73,Grapes,Moderate
20.95,40.53,217.79,8.42,29.72,Papaya,Low
15.52,50.25,29.77,29.47,52.4,Chickpea,Moderate
23.55,94.39,5.35,19.66,29.66,Barley,Low
21.91,73.22,280.42,36.5,2.98,Lentil,Low
34.96,48.86,51.27,46.94,18.8,Paneer,Moderate
19.37,55.08,170.18,13.61,15.84,Ready meals,Low
31.0,74.94,34.32,1.04,68.55,Brinjal,Moderate
37.76,55.76,123.79,42.09,53.9,Green gram,Moderate
26.17,81.01,202.79,20.94,40.1,Ready meals,Moderate
13.72,86.9,122.39,22.69,2.94,Tomato,Low
40.2,35.44,261.62,12.95,6.23,Barley,Low
35.72,57.52,75.34,32.05,24.98,Cabbage,Moderate
24.52,38.24,143.01,2.11,63.99,Guava,Low
16.97,89.97,228.7,1.84,58.45,Green gram,Moderate
15.37,91.82,122.68,12.83,12.44,Tomato,Low
44.28,74.06,10.11,22.46,20.12,Watermelon,Low
12.03,40.78,105.94,18.61,18.23,Butter,Low
27.19,57.6,212.51,14.14,54.71,Carrot,Low
37.27,47.81,62.43,24.65,15.04,Maize,Moderate
35.72,69.97,72.16,15.05,17.49,Ready meals,Low
43.93,38.35,91.33,3.18,8.92,Papaya,Low
32.55,66.63,259.18,21.3,24.83,Milk,Moderate
19.51,58.03,293.18,45.25,58.44,Brinjal,Moderate
34.21,59.98,81.71,9.56,59.07,Ready meals,Moderate
43.86,87.75,62.56,36.92,31.47,Apple,Moderate
29.3,57.16,54.33,45.6,34.92,Fish,Moderate
13.66,47.17,28.3,19.38,10.64,Wheat,Low
39.5,92.88,109.14,42.42,47.77,Meat products,High
19.21,83.03,11.14,12.94,65.56,Cabbage,Moderate
15.76,43.76,71.26,43.75,41.34,Carrot,Moderate
25.55,97.03,19.32,4.75,66.37,Potato,Moderate
17.96,72.59,19.49,14.06,50.75,Ice cream,Moderate
11.91,62.56,180.68,21.63,63.09,Barley,Low
42.16,93.44,80.04,11.76,20.24,Banana,Moderate
39.97,99.97,196.27,47.07,18.09,Fish,High
21.14,50.66,90.33,41.06,36.0,Banana,Low
29.04,89.66,295.34,33.38,4.3,Green gram,Moderate
35.55,99.69,84.37,36.27,54.73,Paneer,High
26.67,77.22,196.9,3.16,70.36,Pineapple,Moderate
10.12,41.13,192.78,32.82,3.96,Potato,Low
44.09,98.16,88.36,42.83,28.77,Brinjal,Moderate
44.75,87.75,148.45,47.75,22.22,Chickpea,Moderate
29.21,59.8,229.77,4.03,19.76,Frozen corn,Low
17.97,51.51,225.76,46.35,12.63,Guava,Low
19.88,42.35,100.89,4.87,15.42,Ready meals,Low
38.09,70.73,261.55,10.75,31.8,Paneer,Moderate
43.64,84.47,87.18,30.35,6.28,Cauliflower,Moderate
30.08,70.78,49.51,10.08,10.3,Papaya,Low
31.95,73.39,285.5,22.09,19.79,Potato,Low
25.52,68.43,269.79,6.64,49.48,Maize,Low
26.32,77.87,94.12,1.08,23.72,Cabbage,Low
15.06,30.58,146.43,3.71,50.29,Wheat,Low
29.24,66.44,141.83,2.0,21.64,Butter,Low
33.47,34.44,120.89,14.53,59.35,Papaya,Moderate
23.57,94.7,283.0,44.74,9.67,Chicken,Moderate
22.7,35.43,129.72,6.09,33.84,Lentil,Low
38.72,39.04,297.34,1.79,55.55,Egg,Moderate
28.27,91.49,119.52,12.7,69.42,Ready meals,Moderate
26.51,83.55,116.22,41.43,17.0,Carrot,Moderate
43.14,98.06,81.5,8.85,65.87,Grapes,Moderate
42.94,87.03,85.21,19.18,8.07,Papaya,Moderate
28.18,53.8,83.75,16.85,17.26,Grapes,Low
36.89,48.46,138.14,6.71,40.66,Okra,Moderate
20.82,83.1,256.75,15.67,13.32,Frozen corn,Low
32.98,35.77,123.7,13.62,17.53,Mango,Low
24.4,77.15,263.47,28.49,64.48,Ready meals,Moderate
26.06,57.99,131.72,26.6,57.4,Frozen corn,Moderate
43.1,63.79,290.33,35.19,71.61,Okra,Moderate
20.97,78.91,22.64,44.76,43.42,Meat products,Moderate
31.63,67.21,84.86,6.82,17.07,Egg,Low
40.39,43.6,183.48,31.49,14.53,Rice,Moderate
44.07,79.84,5.35,32.65,41.83,Orange,High
11.63,55.51,56.31,28.34,69.05,Milk,Moderate
20.93,50.39,166.66,18.81,1.38,Brinjal,Low
28.25,44.92,251.51,3.06,66.89,Potato,Low
40.92,37.86,249.08,5.83,54.69,Cauliflower,Moderate
26.03,81.13,161.19,3.34,17.63,Lentil,Low
31.81,92.27,27.26,36.91,4.3,Okra,Moderate
23.82,90.41,112.27,37.21,11.87,Barley,Moderate
16.97,89.92,279.83,46.32,33.91,Fish,Moderate
36.55,35.28,219.5,3.14,64.83,Papaya,Moderate
39.73,49.26,102.86,45.6,63.21,Fish,High
13.97,65.96,58.78,29.93,3.31,Chicken,Moderate
35.42,85.03,95.66,14.89,54.36,Cheese,Moderate
23.39,62.5,137.37,45.11,9.59,Barley,Low
44.74,90.61,24.57,31.75,40.26,Paneer,High
22.68,95.1,6.34,44.25,39.25,Frozen peas,Moderate
40.62,85.28,144.85,30.0,12.46,Orange,Moderate
34.57,81.72,225.92,12.09,14.51,Paneer,Moderate
29.06,52.36,126.05,41.7,8.29,Wheat,Low
35.9,52.69,162.48,40.67,20.91,Ready meals,Moderate
31.89,64.8,263.44,43.01,37.27,Milk,High
10.85,99.0,136.39,34.69,15.14,Cauliflower,Moderate
23.95,33.79,80.9,8.85,29.27,Potato,Low
30.13,47.62,66.28,42.91,22.27,Rice,Moderate
21.18,94.92,178.36,38.52,43.95,Papaya,Moderate
39.94,91.41,78.11,27.91,11.47,Papaya,Moderate
41.09,44.52,37.49,38.27,14.05,Potato,Moderate
25.06,56.61,147.66,27.22,2.67,Milk,Moderate
34.68,32.53,234.54,14.67,29.02,Tomato,Low
28.33,79.55,144.28,12.36,7.92,Egg,Low
22.77,77.53,202.87,7.76,57.99,Papaya,Moderate
40.49,71.94,93.17,37.85,42.37,Spinach,Moderate
19.23,34.9,15.54,18.4,58.41,Okra,Low
32.53,31.44,143.83,29.69,34.34,Grapes,Moderate
39.38,56.6,108.91,41.05,62.25,Spinach,Moderate
32.65,32.57,42.88,44.06,46.98,Potato,Moderate
28.72,32.77,84.73,7.9,31.73,Carrot,Low
40.67,99.1,160.85,44.55,37.93,Cabbage,High
10.22,88.65,213.02,26.61,48.62,Okra,Moderate
34.35,87.75,295.93,37.28,66.75,Wheat,High
24.66,63.03,295.64,14.91,14.79,Wheat,Low
22.36,70.19,53.84,3.14,59.39,Maize,Low
21.38,96.91,20.37,11.51,31.06,Grapes,Low
39.7,41.18,175.06,19.39,26.64,Barley,Low
43.86,41.64,109.69,19.65,24.34,Pineapple,Low
35.18,98.4,51.63,5.29,20.5,Pineapple,Moderate
34.26,83.26,188.71,4.61,52.38,Milk,High
12.51,65.36,47.16,22.6,63.68,Ready meals,Low
10.23,31.66,122.46,44.2,43.79,Ice cream,Moderate
12.38,72.64,252.41,8.8,11.41,Ready meals,Low
19.01,63.37,264.08,41.69,8.37,Frozen peas,Low
34.0,68.5,0.0,12.0,2.0,Apple,Low
